{
  "test_count": 161,
  "pytest": {
    "mean": 0.6324900211999989,
    "median": 0.6267858979999801,
    "stdev": 0.036187507867028505,
    "min": 0.5944544750000205,
    "max": 0.6910739859999921,
    "runs": [
      0.6910739859999921,
      0.6354756979999934,
      0.6146600490000083,
      0.6267858979999801,
      0.5944544750000205
    ]
  },
  "timestamp": 1762385101.5662365
}